{"Epoch": 1627, "O_MaxR": 82.33333333333333, "O_avgR": 18.939393939393938, "O_avgR_eval": 16.1, "O_stdR_eval": 66.52360483317183, "O_avgS_eval": 120.7, "O_stdS_eval": 19.162724232217084, "O_objC": 0.22395162284374237, "O_objA": -0.03218510001897812, "O_logprob": -0.18470105528831482, "hit": 1.1, "K.O.": 15.0, "_runtime": 142680, "_timestamp": 1651041376, "_step": 19996672, "_wandb": {"runtime": 142676}}