{"Epoch": 1301, "O_MaxR": 293.4027082098027, "O_avgR": 207.0759524375256, "O_avgR_eval": 207.20947985104286, "O_stdR_eval": 143.54746339357789, "O_avgS_eval": 46.4, "O_stdS_eval": 7.552483035399683, "O_objC": 0.6632369160652161, "O_objA": -0.008788451552391052, "O_logprob": -0.9453619718551636, "hit": 4.35, "K.O.": 195.0, "chase": 7.859479986929378, "_runtime": 143104, "_timestamp": 1651041376, "_step": 19996672, "_wandb": {"runtime": 143105}}