{"Epoch": 6291, "O_MaxR": 82.36666666666666, "O_avgR": 9.75, "O_avgR_eval": 0.3, "O_stdR_eval": 1.307669683062202, "O_avgS_eval": 127.0, "O_stdS_eval": 0.0, "O_objC": 0.14268264174461365, "O_objA": -0.06573416292667389, "O_logprob": -0.09563854336738586, "hit": 0.3, "hit_by_enemy": 0.0, "K.O.": 0.0, "_runtime": 434028, "_timestamp": 1651481976, "_step": 80883712}