{"Epoch": 61, "O_MaxR": 61.7, "O_avgR": 18.727272727272727, "O_avgR_eval": 15.0, "O_stdR_eval": 66.78098531767856, "O_avgS_eval": 121.4, "O_stdS_eval": 17.842085079945107, "O_objC": 0.18195925652980804, "O_objA": -0.025080200284719467, "O_logprob": -2.0333150132501032e-06, "hit": 0.65, "hit_by_enemy": -0.65, "K.O.": 15.0, "_runtime": 4607, "_timestamp": 1651047900, "_step": 937984}