{"Epoch": 1, "O_MaxR": 0.0, "O_avgR": 9.625, "O_avgR_eval": 0.0, "O_stdR_eval": 0.0, "O_avgS_eval": 127.0, "O_stdS_eval": 0.0, "O_objC": 0.11672569066286087, "O_objA": 0.07386960089206696, "O_logprob": -3.966993808746338, "hit": 0.0, "K.O.": 0.0, "_runtime": 183, "_timestamp": 1650898352, "_step": 16384}