{"Epoch": 53, "O_MaxR": 92.4, "O_avgR": 47.03030303030303, "O_avgR_eval": 45.85, "O_stdR_eval": 109.14498385175564, "O_avgS_eval": 115.65, "O_stdS_eval": 28.279453672233487, "O_objC": 0.3653331995010376, "O_objA": 0.04639551043510437, "O_logprob": -0.4785824418067932, "hit": 0.85, "hit_by_enemy": 0.0, "K.O.": 45.0, "_runtime": 3716, "_timestamp": 1651493899, "_step": 974848}